id,catalogue_title,source_url,retrieval_status,retrieved_utc,file_name,file_size_bytes,sha256,pdf_title,author,creation_date,pages,encrypted,error
ADCDA-01,ADG 45 2024 Temporary Buildings Fire Safety,https://srv.adcda.gov.ae/ar/Doc/Guidelines%20Manual%20temp%20building.pdf,downloaded,2026-09-20T13:11:18.884497+00:00,ADCDA-01__ADG-45-2024-Temporary-Buildings-Fire-Safety.pdf,954355,7174d5b6dd24d66c1e16d0f2b5cb3c1be19f9d95e99ef9b7ae28d5c9146054d8,,,Mon Jan  6 10:21:35 2025 GMT,14,no,
ADM-03,ADG-005-2017,https://jawdah.qcc.abudhabi.ae/en/Registration/QCCServices/Services/STD/ADG/ADG-005-2017-En.pdf,downloaded,2026-09-20T13:10:59.817285+00:00,ADM-03__ADG-005-2017.pdf,7860611,52d08f4290f6b8b7d44f89caf340b57052975a1cc3e68e7858161a883b139c73,ADG-005-2017-En,,Sun Dec 28 18:09:25 2025 GMT,57,no,
ADM-04,ADG-15 Industrial Lands Mussafah,https://www.qcc.gov.ae/-/media/Project/QCC/QCC/Documents/Quality-Infrastructure-Documents/Abu-Dhabi-Specification/Abu-Dhabi-Guideline/ADG-15---Development-And-Organization-of-Industrial-Lands-Guideline-for-Mussafah-Region.pdf,downloaded,2026-09-20T13:10:57.568425+00:00,ADM-04__ADG-15-Industrial-Lands-Mussafah.pdf,4081002,251e279c2e008e5f29b3093c1b7e169983f60b0432e346565f91650e6902ceba,,,Sun May 21 09:09:43 2017 BST,56,no,
DMT-01,Community Facility Planning Standards,https://www.dmt.gov.ae/-/media/Project/DMT/DMT/E-Library/10-24/02/DMT_Community-Facility-Planning-Standards_EN_Interactive_2_Map-Update.pdf,downloaded,2026-09-20T13:09:14.343443+00:00,DMT-01__Community-Facility-Planning-Standards.pdf,4198744,0e43f39aa8dc39123c6cec0ec9e30db37fce59c8729dedfbe105a9e9e7ceeac2,,,Fri Oct 11 09:15:18 2024 BST,172,no,
DMT-02,Abu Dhabi Public Toilet Planning and Regulation Manual,https://dmt.gov.ae/-/media/Project/DMT/DMT/E-Library/05-25/Abu-Dhabi-Public-Toilet-Planning-and-Regulation-Manual-EN.pdf,downloaded,2026-09-20T13:09:13.755085+00:00,DMT-02__Abu-Dhabi-Public-Toilet-Planning-and-Regulation-Manual.pdf,4206529,7a84bd4401eda316682fbce35dfadb97ef6b7282afb2f268f2724f9a7e7b7148,,,Tue Feb 18 10:46:55 2025 GMT,31,no,
DMT-03,Abu Dhabi Waste Bin Planning and Regulation Manual Part 1,https://www.dmt.gov.ae/-/media/Project/DMT/DMT/E-Library/10-24/20220713_Abu-Dhabi-Waste-Bin-Planning-and-Regulation-Manual_Part-1.pdf,downloaded,2026-09-20T13:09:25.705480+00:00,DMT-03__Abu-Dhabi-Waste-Bin-Planning-and-Regulation-Manual-Part-1.pdf,10109261,788c93e3632f1670d58a8bdf382c04fc4d812448d2ec5e29e12745b2bad058a4,,,Thu Jul 14 09:56:49 2022 BST,26,no,
DMT-04,Abu Dhabi Urban Street Design Manual,https://www.dmt.gov.ae/-/media/Project/DMT/DMT/E-Library/0001-Manuals/Abu-Dhabi-Urban-Street-Design-Manual.pdf,downloaded,2026-09-20T13:10:15.153290+00:00,DMT-04__Abu-Dhabi-Urban-Street-Design-Manual.pdf,34449689,55a7b2524d4807e80fcd810a124c750b05986fe9c0af6d13cf706f76077b9dab,USDM-Manual-English-v1.1 edited.pdf,Euclide.Malagrino,Wed Jun  8 08:51:45 2016 BST,239,no,
DMT-05,Unified As-Built GeoSpatial Data Submission Standards,https://admobility.gov.ae/services/-/media/As-Built-Data-Submission-Standards.pdf,downloaded,2026-09-20T13:09:05.618273+00:00,DMT-05__Unified-As-Built-GeoSpatial-Data-Submission-Standards.pdf,8739248,a3fbd880d2e1f2200b4b18e1c7597ac87e5b9a90ac94e0d8a675983decf56bb9,,rstudio,Wed Feb 22 05:28:11 2023 GMT,446,no,
DOE-01,Customer Metering Regulations Second Edition,https://doe.gov.ae/-/media/Project/DOE/Department-Of-Energy/Media-Center-Publications/Regulations/English/the-customer-metering-regulations-second-edition.pdf,downloaded,2026-09-20T13:11:03.039172+00:00,DOE-01__Customer-Metering-Regulations-Second-Edition.pdf,1041910,be25c8a9134567f01cc4530ccad01d5f7c5297c4f37f667a5023c63a7e4af4ae,,Chris Parkinson,Sun Jan 14 07:36:35 2018 GMT,38,no,
DOE-02,Recycled Water and Biosolids Regulations 2021 Edition 3,https://www.doe.gov.ae/-/media/Project/DOE/Department-Of-Energy/Media-Center-Publications/Regulations/English/Recycled-Water--Biosolids-Regulations-2021-Edition-3.pdf,downloaded,2026-09-20T13:11:10.762062+00:00,DOE-02__Recycled-Water-and-Biosolids-Regulations-2021-Edition-3.pdf,1382286,4aadb034e8786bf3e89115ecf112dec9dd824105d8711f1533bb7df2f3373fb0,,Tansel Derya,Thu Jan  7 10:05:04 2021 GMT,51,no,
DOE-03,Water Quality Regulation 2025,https://www.doe.gov.ae/-/media/Project/DOE/Department-Of-Energy/Media-Center-Publications/Water-Quality-Regulation-2025.pdf,downloaded,2026-09-20T13:11:12.910258+00:00,DOE-03__Water-Quality-Regulation-2025.pdf,2334344,e7feb058ae741a75b6bb93c9ea2f954830a2950cb55beece8ea74eab151f61c7,,Saeed Al Yalyali,Wed Jan  8 05:24:55 2025 GMT,71,no,
ESTIDAMA-02,Pearl Rating System for Communities Version 1.0,https://www.dmt.gov.ae/-/media/Project/DMT/DMT/E-Library/0001-Manuals/PRRS/PRRS-Version-10.pdf,downloaded,2026-09-20T13:11:20.503953+00:00,ESTIDAMA-02__Pearl-Rating-System-for-Communities-Version-1.0.pdf,2812236,77a4a344460bf4f9538f6939192a007612686ec8a971a4045a34b8cd03026f95,The Pearl Rating System for Estidama,EDAW Australia,Thu Jul 20 11:30:23 2017 BST,138,no,
ESTIDAMA-03,Pearl Rating System for Villas Version 1.0,https://dmt.gov.ae/-/media/Project/DMT/DMT/E-Library/0001-Manuals/PVRS/PVRS-Version-10.pdf,downloaded,2026-09-20T13:11:37.425220+00:00,ESTIDAMA-03__Pearl-Rating-System-for-Villas-Version-1.0.pdf,10395695,49a4384e7b2fdd581e76f684753b1d25e71f5bbb565dbeb3fa714083c7c0f5a9,Microsoft Word - 20100412 PVRS review version1.6.doc,Arian,Mon Apr 12 16:34:24 2010 BST,141,no,
ISGL-00,Infrastructure Standards and Guidelines,https://jawdah.qcc.abudhabi.ae/en/Registration/QCCServices/Services/STD/ISGL/ISGL.pdf,failed,2026-09-20T13:09:07.090832+00:00,ISGL-00__Infrastructure-Standards-and-Guidelines.pdf,0,,,,,,,HTTPError: HTTP Error 404: NOT FOUND
ISGL-01,ISGL Appendix III,https://jawdah.qcc.abudhabi.ae/en/Registration/QCCServices/Services/STD/ISGL/Appendix-III.pdf,downloaded,2026-09-20T13:09:20.365464+00:00,ISGL-01__ISGL-Appendix-III.pdf,1379270,90e0a3b44aea08f2ff813f558936c5bbdd95d61b71d96475a238bba9c18f8133,,,Wed Jun 22 06:58:58 2022 BST,7,no,
ISGL-02,ISGL Chapter 05,https://jawdah.qcc.abudhabi.ae/en/Registration/QCCServices/Services/STD/ISGL/Ch.05.pdf,downloaded,2026-09-20T13:09:19.312440+00:00,ISGL-02__ISGL-Chapter-05.pdf,432559,41b9b788400c70b5afd5b142a4e53bd5cd1a9f148904c164a7c07a431b841a8d,,Osama Ahmed Melhem,Tue Dec 31 08:38:27 2024 GMT,15,no,
ISGL-03,DP-301,https://jawdah.qcc.abudhabi.ae/en/Registration/QCCServices/Services/STD/ISGL/ISGL-LIST/DP-301.pdf,downloaded,2026-09-20T13:10:05.402620+00:00,ISGL-03__DP-301.pdf,30893927,ce8df0fe7a501b1bdb81c08205a9bbb11b8e399c7cbb3c7d1057d50c2d1235fa,,,Tue Mar 16 07:29:39 2010 GMT,185,no,
ISGL-04,DP-304,https://jawdah.qcc.abudhabi.ae/en/Registration/QCCServices/Services/STD/ISGL/ISGL-LIST/DP-304.pdf,downloaded,2026-09-20T13:09:51.127620+00:00,ISGL-04__DP-304.pdf,12531840,f2e3a64d093e6d63753a5b7bef9d90821edddcb9e54a14fc4e2bef5c1087ba8c,,Mona Rashed Musabah Abdul Rahman Jerais Al Alili,Thu Oct  2 10:13:58 2025 BST,136,no,
ISGL-05,DP-306,https://jawdah.qcc.abudhabi.ae/en/Registration/QCCServices/Services/STD/ISGL/ISGL-LIST/DP-306.pdf,downloaded,2026-09-20T13:09:55.257718+00:00,ISGL-05__DP-306.pdf,15667396,a37a2ed34553de1a3f8c5e20ab61373ea23b76843bd2663ddd5b9e8e98a1763e,Microsoft Word - 20100412 PBRS review version2.52.doc,Arian,Mon Apr 12 16:04:52 2010 BST,233,no,
ISGL-06,GA-904,https://jawdah.qcc.abudhabi.ae/en/Registration/QCCServices/Services/STD/ISGL/ISGL-LIST/GA-904.pdf,downloaded,2026-09-20T13:09:36.702484+00:00,ISGL-06__GA-904.pdf,3226609,7759d97fb9717a1455a0974182f4e28edfdf0cc277c205e031c45e0d39c09f85,,,Wed Aug 10 13:15:22 2022 BST,45,no,
ISGL-07,GA-905,https://jawdah.qcc.abudhabi.ae/en/Registration/QCCServices/Services/STD/ISGL/ISGL-LIST/GA-905.pdf,downloaded,2026-09-20T13:09:37.690871+00:00,ISGL-07__GA-905.pdf,3942975,9f3cbf1cfdc99ddb9f495c095f20819c7af85cd9c89893f452dbe9d3136bbf99,,,Wed Aug 10 13:32:47 2022 BST,28,no,
ISGL-08,TR-506-4,https://jawdah.qcc.abudhabi.ae/en/Registration/QCCServices/Services/STD/ISGL/ISGL-LIST/TR-506-4.pdf,downloaded,2026-09-20T13:10:10.356191+00:00,ISGL-08__TR-506-4.pdf,14192342,5a877576a76d3b1b189a4fb8b8fa8f4be417c8784597b85ddfc8835693d9e536,,,Sun Dec 18 18:08:30 2016 GMT,152,no,
ISGL-09,TR-508,https://jawdah.qcc.abudhabi.ae/en/Registration/QCCServices/Services/STD/ISGL/ISGL-LIST/TR-508.pdf,downloaded,2026-09-20T13:10:02.006533+00:00,ISGL-09__TR-508.pdf,8953866,bce8ed57245f89ce22f07a84a511eb0e6501d866b782dad386ff651b710bd522,,akrebs,Wed Feb  1 06:35:23 2017 GMT,218,no,
ISGL-10,TR-511,https://jawdah.qcc.abudhabi.ae/en/Registration/QCCServices/Services/STD/ISGL/ISGL-LIST/TR-511.pdf,downloaded,2026-09-20T13:10:36.131313+00:00,ISGL-10__TR-511.pdf,22220605,a7c35978f186e73d634cf4113236f514b0aaf6b194dfb547ddc687f9046127cc,Manual title,Willie Victor,Wed Jul 10 08:00:25 2024 BST,479,no,
ISGL-12,ROW-601,https://jawdah.qcc.abudhabi.ae/en/Registration/QCCServices/Services/STD/ISGL/ISGL-LIST/ROW-601.pdf,downloaded,2026-09-20T13:10:49.970171+00:00,ISGL-12__ROW-601.pdf,31248447,bc0aa3df3cf921e9c0c5d2994a896f3d93f2154848a75275a3af4f4385292123,Microsoft Word - 2014-01-25 Right of Way Utilities Distribution Manual A11 Final Draft Ver 002,Adul Ahad Memon,Sun Jan 26 13:14:41 2014 GMT,107,no,
ISGL-13,WA-705,https://jawdah.qcc.abudhabi.ae/en/Registration/QCCServices/Services/STD/ISGL/ISGL-LIST/WA-705.pdf,downloaded,2026-09-20T13:10:39.071160+00:00,ISGL-13__WA-705.pdf,16724427,4d179c1b8b108a60dd2c26eb9c8ca91d7fdf69c79c7d298a6c4e97e62082d5c4,,,Sat Dec 10 18:06:30 2016 GMT,39,no,
ISGL-14,WA-726-1,https://jawdah.qcc.abudhabi.ae/en/Registration/QCCServices/Services/STD/ISGL/ISGL-LIST/WA-726-1.pdf,downloaded,2026-09-20T13:10:25.602457+00:00,ISGL-14__WA-726-1.pdf,7671599,012826128137f481572876a439bdf7d8feedb38c0fd3bd478ff5d681bf7bf20a,1,Marwa Abdalla,Thu May 12 07:45:35 2022 BST,211,no,
ISGL-15,EN-804,https://jawdah.qcc.abudhabi.ae/en/Registration/QCCServices/Services/STD/ISGL/ISGL-LIST/EN-804.pdf,downloaded,2026-09-20T13:10:21.788780+00:00,ISGL-15__EN-804.pdf,5456065,71727cbc0f22c684d251be48fbc797576000d93d519b09d1bc95584166c84849,Microsoft Word - AADC POWER NETWORK DESIGN GUIDELINES V 04.doc,122736,Wed May 15 05:35:56 2024 BST,113,no,
ISGL-16,EN-816,https://jawdah.qcc.abudhabi.ae/en/Registration/QCCServices/Services/STD/ISGL/ISGL-LIST/EN-816.pdf,downloaded,2026-09-20T13:10:38.815670+00:00,ISGL-16__EN-816.pdf,8091636,6820415cdd9491739aad2d26af252f8de9bb0a827b5a1942c5c7e97abe788253,,,Tue Jul  5 10:31:25 2022 BST,43,no,
ISGL-17,TE-1102,https://jawdah.qcc.abudhabi.ae/en/Registration/QCCServices/Services/STD/ISGL/ISGL-LIST/TE-1102.pdf,downloaded,2026-09-20T13:10:37.630827+00:00,ISGL-17__TE-1102.pdf,7388894,b33c6eaa1de10fc0536c253d705798c6a038f02899f1d1d533a3f5a41603e49f,,,Sat Dec 10 09:50:43 2016 GMT,56,no,
ISGL-18,WM-1213,https://jawdah.qcc.abudhabi.ae/en/Registration/QCCServices/Services/STD/ISGL/ISGL-LIST/WM-1213.pdf,downloaded,2026-09-20T13:10:42.837359+00:00,ISGL-18__WM-1213.pdf,4062642,fe08aedfc77041239066df68846c2f69d858aa0c6d24f06a1c7aa31fb4baa812,,,Sun Dec 18 10:30:30 2016 GMT,29,no,
ISGL-19,DC-1003,https://jawdah.qcc.abudhabi.ae/en/Registration/QCCServices/Services/STD/ISGL/ISGL-LIST/DC-1003.pdf,downloaded,2026-09-20T13:11:26.429475+00:00,ISGL-19__DC-1003.pdf,25396029,8b35028891253fc12d9915804ca29fb846f79e6d033d8eb9ff9bb64d239ca7c4,,,Wed Mar 11 09:59:35 2020 GMT,92,no,
ISGL-CATALOG,ISGL List,https://qcc.gov.ae/-/media/Project/QCC/QCC/Documents/opendata/STANDARDS/ISGL-List.pdf,downloaded,2026-09-20T13:09:19.445510+00:00,ISGL-CATALOG__ISGL-List.pdf,546033,ba71e603126da9e79e327e25e1e9f72c1d2f570fc84599f24829ff9eabb0bc38,,Osama Ahmed Melhem,Tue Dec  7 09:08:01 2021 GMT,1,no,
TAQA-04,AADC GL.AM.01,https://www.aadc.ae/docs/GL.AM.01.pdf,invalid-response,2026-09-20T13:11:04.450418+00:00,TAQA-04__AADC-GL.AM.01.pdf,110,cff0173e94eab024e7b28c200b3136e52d5fe3372e92616e8e6656678043ad42,,,,,,
TAQA-05,AADC public standard,https://www.aadc.ae/img/394bc1b2-e24c-475d-9a01-c4d31ee122cc.pdf,invalid-response,2026-09-20T13:11:04.814403+00:00,TAQA-05__AADC-public-standard.pdf,110,cff0173e94eab024e7b28c200b3136e52d5fe3372e92616e8e6656678043ad42,,,,,,
